Subjects,Valence_num,Valence,Noise,Pedestrians,Cars,Pupil,Neighbourhood_num,Neighbourhood,Socioeconomic_num,Socioeconomic,Sex_num
1,0,Negative,0.01076778917,0,0,2.3,1,Cumm,1,Middle,0
1,0,Negative,0.01251330342,0.4639175258,0.1546391753,[],1,Cumm,1,Middle,0
1,1,Positive,0.01037287181,0.412371134,0,2.52325703,1,Cumm,1,Middle,0
1,1,Positive,0.00979400607,0.09278350515,0,2.079852955,1,Cumm,1,Middle,0
1,1,Positive,0.01305880284,0.4845360825,0,2.505264791,1,Cumm,1,Middle,0
1,1,Positive,0.02494113156,0.1649484536,0,2.590279936,1,Cumm,1,Middle,0
1,0,Negative,0.01289854293,0.1030927835,0,[],1,Cumm,1,Middle,0
1,1,Positive,0.0259308269,0.1443298969,0.1649484536,2.156506462,1,Cumm,1,Middle,0
1,0,Negative,0.02953245765,0.2577319588,0.4742268041,2.1930148,1,Cumm,1,Middle,0
1,1,Positive,0.01275461469,0.5670103093,0,2.538807341,1,Cumm,1,Middle,0
1,0,Negative,0.01012014576,1.350515464,0,2.278106673,1,Cumm,1,Middle,0
1,1,Positive,0.02097921075,0.8144329897,0,2.337927504,1,Cumm,1,Middle,0
1,1,Positive,0.01876108684,0.8556701031,0,2.476665106,1,Cumm,1,Middle,0
1,0,Negative,0.0201916516,1.340206186,0,[],1,Cumm,1,Middle,0
1,0,Negative,0.01497895835,2.329896907,0,2.4039883,1,Cumm,1,Middle,0
1,0,Negative,0.01387684055,1.309278351,0,2.416764691,1,Cumm,1,Middle,0
1,0,Negative,0.01697710559,0,0,[],1,Cumm,1,Middle,0
1,1,Positive,0.01476637515,0,0.1134020619,[],1,Cumm,1,Middle,0
1,1,Positive,0.01796480225,0,0.0618556701,[],1,Cumm,1,Middle,0
1,1,Positive,0.01019631166,0,0,[],1,Cumm,1,Middle,0
1,1,Positive,0.01286311104,0.0824742268,0.03092783505,[],1,Cumm,1,Middle,0
1,1,Positive,0.01371127613,1.597938144,0,[],1,Cumm,1,Middle,0
1,0,Negative,0.02797568972,0,0,[],1,Cumm,1,Middle,0
1,0,Negative,0.03586175099,0,0.7010309278,[],1,Cumm,1,Middle,0
1,0,Negative,0.01604365076,0.2268041237,0.01030927835,[],1,Cumm,1,Middle,0
1,0,Negative,0.0217190047,0.09278350515,0,[],1,Cumm,1,Middle,0
1,0,Negative,0.0183808771,1.051546392,0,2.426973794,1,Cumm,1,Middle,0
1,0,Negative,0.0175826589,0.5816326531,0,2.366403635,1,Cumm,1,Middle,0
2,0,Negative,0.01662789379,0.01030927835,0.6907216495,2.570968609,1,Cumm,1,Middle,0
2,1,Positive,0.01419847468,0.7319587629,0,2.757217477,1,Cumm,1,Middle,0
2,0,Negative,0.006767965047,0,0,2.537280886,1,Cumm,1,Middle,0
2,0,Negative,0.01471279913,0.8969072165,0,2.255813165,1,Cumm,1,Middle,0
2,0,Negative,0.02119753351,0.9381443299,0,2.623948877,1,Cumm,1,Middle,0
2,0,Negative,0.005207237851,0.1340206186,0.2989690722,2.674780053,1,Cumm,1,Middle,0
2,0,Negative,0.01022465546,1.030927835,0,[],1,Cumm,1,Middle,0
2,0,Negative,0.02439359211,0.6494845361,0.1134020619,[],1,Cumm,1,Middle,0
2,0,Negative,0.0126481778,1.453608247,0,2.498597385,1,Cumm,1,Middle,0
2,1,Positive,0.01499203209,1.340206186,0,2.397149923,1,Cumm,1,Middle,0
2,1,Positive,0.0122868178,1.927835052,0,2.582542104,1,Cumm,1,Middle,0
2,1,Positive,0.01338318458,1.237113402,0,2.575408036,1,Cumm,1,Middle,0
2,1,Positive,0.007685055483,0,0.1649484536,2.15414383,1,Cumm,1,Middle,0
2,0,Negative,0.01417375147,0.5567010309,0.4742268041,[],1,Cumm,1,Middle,0
2,1,Positive,0.01893960759,0,0.03092783505,[],1,Cumm,1,Middle,0
2,0,Negative,0.01325702187,0,0,[],1,Cumm,1,Middle,0
2,0,Negative,0.007205451631,0.05154639175,0,[],1,Cumm,1,Middle,0
2,1,Positive,0.01062199527,0.6597938144,0.9175257732,[],1,Cumm,1,Middle,0
2,1,Positive,0.04089602847,0.7628865979,0,2.155868114,1,Cumm,1,Middle,0
2,0,Negative,0.02804929588,0.587628866,1.711340206,2.371979985,1,Cumm,1,Middle,0
2,0,Negative,0.02623950133,0.01030927835,2.360824742,[],1,Cumm,1,Middle,0
2,0,Negative,0.03400916945,0.05154639175,0.03092783505,[],1,Cumm,1,Middle,0
2,0,Negative,0.02535732252,0.04081632653,0,2.12558937,1,Cumm,1,Middle,0
3,1,Positive,0.01097206195,0.8144329897,0,2.204082693,1,Cumm,1,Middle,1
3,0,Negative,0.002395929373,1,0,2.127767464,1,Cumm,1,Middle,1
3,1,Positive,0.01011347333,0.206185567,0,2.049763295,1,Cumm,1,Middle,1
3,0,Negative,0.007192613257,0.05154639175,0.3505154639,[],1,Cumm,1,Middle,1
3,0,Negative,0.01210848227,0.3402061856,0.05154639175,1.960868762,1,Cumm,1,Middle,1
3,1,Positive,0.009569152765,0.1030927835,0,2.241949579,1,Cumm,1,Middle,1
3,0,Negative,0.003808773888,0.1649484536,1.144329897,2.163998009,1,Cumm,1,Middle,1
3,1,Positive,0.004026529594,0.5360824742,0,2.190997958,1,Cumm,1,Middle,1
3,0,Negative,0.01157294289,0.07216494845,0.0206185567,[],1,Cumm,1,Middle,1
3,1,Positive,0.01311028471,0.9793814433,0.4329896907,2.145187566,1,Cumm,1,Middle,1
3,0,Negative,0.01219800484,1.87628866,0.1237113402,2.07368222,1,Cumm,1,Middle,1
3,1,Positive,0.002414711285,1.371134021,0,1.88597513,1,Cumm,1,Middle,1
3,1,Positive,0.007119247195,0.2989690722,0.03092783505,[],1,Cumm,1,Middle,1
3,1,Positive,0.002502292481,0,0,[],1,Cumm,1,Middle,1
3,0,Negative,0.004593233327,0,0,[],1,Cumm,1,Middle,1
3,1,Positive,0.01630021667,0,0,[],1,Cumm,1,Middle,1
3,1,Positive,0.005743819461,0.9896907216,0,[],1,Cumm,1,Middle,1
3,0,Negative,0.01280167127,0,0,1.988332919,1,Cumm,1,Middle,1
3,0,Negative,0.01222030824,0,0,[],1,Cumm,1,Middle,1
3,0,Negative,0.01271374329,0.0206185567,0,[],1,Cumm,1,Middle,1
3,0,Negative,0.0218272436,0.0412371134,1.463917526,2.094198299,1,Cumm,1,Middle,1
3,0,Negative,0.006928872918,0,1.742268041,[],1,Cumm,1,Middle,1
3,0,Negative,0.01423335012,0.09278350515,0.3608247423,[],1,Cumm,1,Middle,1
3,0,Negative,0.009718499971,0.2680412371,0.9072164948,[],1,Cumm,1,Middle,1
3,1,Positive,0.00385125194,1.762886598,0.3711340206,[],1,Cumm,1,Middle,1
3,0,Negative,0.016954829,0.9693877551,0.02040816327,2.024067934,1,Cumm,1,Middle,1
4,0,Negative,0.009964957376,0,0,2.650240966,1,Cumm,1,Middle,1
4,1,Positive,0.007002050911,0,0.5154639175,2.987654511,1,Cumm,1,Middle,1
4,1,Positive,0.02519625052,0.2577319588,0,3.190038214,1,Cumm,1,Middle,1
4,1,Positive,0.03519021763,0.9690721649,0,3.012901973,1,Cumm,1,Middle,1
4,1,Positive,0.003627908055,0.8865979381,0,2.856908887,1,Cumm,1,Middle,1
4,0,Negative,0.008051821451,0.5670103093,0,2.970217766,1,Cumm,1,Middle,1
4,1,Positive,0.01678280009,0.0412371134,0.0412371134,2.040597801,1,Cumm,1,Middle,1
4,1,Positive,0.01544045737,1.082474227,0.0206185567,2.530261736,1,Cumm,1,Middle,1
4,1,Positive,0.01098380601,0.8556701031,0,2.856148657,1,Cumm,1,Middle,1
4,1,Positive,0.01526340438,0.4432989691,0.01030927835,2.804282404,1,Cumm,1,Middle,1
4,1,Positive,0.01294165139,0,0,3.316576724,1,Cumm,1,Middle,1
4,0,Negative,0.01350441058,0,0.01030927835,2.935989518,1,Cumm,1,Middle,1
4,1,Positive,0.04087819432,0.3917525773,0.03092783505,2.509195604,1,Cumm,1,Middle,1
4,0,Negative,0.0116620868,1.690721649,0,3.048170265,1,Cumm,1,Middle,1
4,0,Negative,0.01728545054,0.1546391753,0,2.747027237,1,Cumm,1,Middle,1
4,1,Positive,0.02209804477,0.6804123711,0,3.191180344,1,Cumm,1,Middle,1
4,1,Positive,0.01286176271,1.917525773,0,2.884159304,1,Cumm,1,Middle,1
4,1,Positive,0.02297818495,1.237113402,0,2.877441827,1,Cumm,1,Middle,1
4,1,Positive,0.003260291895,1.639175258,0,3.018378736,1,Cumm,1,Middle,1
4,1,Positive,0.007910490396,0,0.03092783505,2.84919842,1,Cumm,1,Middle,1
4,0,Negative,0.02187429825,0,0.07216494845,2.716443008,1,Cumm,1,Middle,1
4,1,Positive,0.02396195578,0,0.1855670103,2.267978768,1,Cumm,1,Middle,1
4,1,Positive,0.01413343065,0.9175257732,0.01030927835,2.419369041,1,Cumm,1,Middle,1
4,0,Negative,0.01105206954,0.6391752577,0.2680412371,[],1,Cumm,1,Middle,1
4,1,Positive,0.007585290077,0.7010309278,0.3092783505,2.321008633,1,Cumm,1,Middle,1
4,1,Positive,0.0176250051,0.6597938144,0.824742268,2.458704245,1,Cumm,1,Middle,1
4,1,Positive,0.0178437363,0.01030927835,0,2.136219032,1,Cumm,1,Middle,1
4,1,Positive,0.01063813066,0.7422680412,0,2.207179458,1,Cumm,1,Middle,1
4,0,Negative,0.02713524904,0.9175257732,0.1443298969,2.791412052,1,Cumm,1,Middle,1
4,0,Negative,0.03340384693,0,0.3402061856,[],1,Cumm,1,Middle,1
4,1,Positive,0.02849609732,0,0,2.563154275,1,Cumm,1,Middle,1
4,0,Negative,0.03913888482,0,1.041237113,2.601155048,1,Cumm,1,Middle,1
4,1,Positive,0.01733550948,0,0,2.25866376,1,Cumm,1,Middle,1
4,0,Negative,0.02391713227,1.824742268,0.7113402062,2.824914377,1,Cumm,1,Middle,1
4,1,Positive,0.03896900811,0.1340206186,0.5257731959,2.637473823,1,Cumm,1,Middle,1
4,1,Positive,0.03057523426,0.2783505155,0.8350515464,2.455120426,1,Cumm,1,Middle,1
4,0,Negative,0.01704285117,1,1.510204082,2.593570698,1,Cumm,1,Middle,1
5,0,Negative,0.02242940575,0.1855670103,0.587628866,2.426295994,1,Cumm,1,Middle,0
5,1,Positive,0.004426733389,0,0.0618556701,2.690081058,1,Cumm,1,Middle,0
5,0,Negative,0.006113348507,0,0,2.674958269,1,Cumm,1,Middle,0
5,1,Positive,0.003870965504,0.1649484536,0.9793814433,2.79064457,1,Cumm,1,Middle,0
5,0,Negative,0.01301386868,0.587628866,0,3.033308845,1,Cumm,1,Middle,0
5,0,Negative,0.01108675024,0,0,2.184167941,1,Cumm,1,Middle,0
5,1,Positive,0.02095612088,0.7525773196,0,2.554654573,1,Cumm,1,Middle,0
5,1,Positive,0.0083440005,1.505154639,0,2.975841004,1,Cumm,1,Middle,0
5,0,Negative,0.003422747613,0.09278350515,0.0618556701,2.611719148,1,Cumm,1,Middle,0
5,0,Negative,0.001921923941,0.8865979381,0.1237113402,2.641163243,1,Cumm,1,Middle,0
5,0,Negative,0.009473973658,0,1.546391753,1.927564996,1,Cumm,1,Middle,0
5,1,Positive,0.01037142853,0,0.4226804124,1.949428461,1,Cumm,1,Middle,0
5,0,Negative,0.00250865756,0,0.1958762887,2.202398083,1,Cumm,1,Middle,0
5,0,Negative,0.001346303635,1.020618557,0.0412371134,2.3706951,1,Cumm,1,Middle,0
5,0,Negative,0.03590548907,2.24742268,0.01030927835,2.660816376,1,Cumm,1,Middle,0
5,0,Negative,0.006575614471,0.4329896907,0.1958762887,2.947962233,1,Cumm,1,Middle,0
5,1,Positive,0.005310520752,0,0,2.318398082,1,Cumm,1,Middle,0
5,1,Positive,0.003089722003,1.412371134,0,2.71481334,1,Cumm,1,Middle,0
5,0,Negative,0.01207878188,1.474226804,0,2.677003723,1,Cumm,1,Middle,0
5,0,Negative,0.01374834527,1.164948454,0,2.795470454,1,Cumm,1,Middle,0
5,0,Negative,0.04893161544,0.03092783505,0.2886597938,3.101319946,1,Cumm,1,Middle,0
5,0,Negative,0.02107593302,0,0.01030927835,2.777182841,1,Cumm,1,Middle,0
5,0,Negative,0.02101753127,0.03092783505,0,2.134554611,1,Cumm,1,Middle,0
5,1,Positive,0.008194700283,0,0,2.23608327,1,Cumm,1,Middle,0
5,1,Positive,0.009979549292,0,0,2.179753729,1,Cumm,1,Middle,0
5,1,Positive,0.003136087602,0,0,2.036352002,1,Cumm,1,Middle,0
5,1,Positive,0.009988191252,0.5463917526,0,1.967102834,1,Cumm,1,Middle,0
5,0,Negative,0.0138976911,0.01030927835,0,[],1,Cumm,1,Middle,0
5,1,Positive,0.01095335143,0,0,2.264937188,1,Cumm,1,Middle,0
5,1,Positive,0.008454851289,0,0,[],1,Cumm,1,Middle,0
5,1,Positive,0.008045523661,0,0,2.057403672,1,Cumm,1,Middle,0
5,1,Positive,0.02023913453,0,0.1958762887,1.920089237,1,Cumm,1,Middle,0
5,1,Positive,0.006001824716,0.0206185567,0.2164948454,2.309657419,1,Cumm,1,Middle,0
5,0,Negative,0.003940554485,0,0.3195876289,2.040769231,1,Cumm,1,Middle,0
5,1,Positive,0.01094678387,0.0412371134,0.1237113402,2.35870417,1,Cumm,1,Middle,0
5,1,Positive,0.0104824837,0,0,2.055882942,1,Cumm,1,Middle,0
5,0,Negative,0.02624050017,0.03092783505,0,2.152585383,1,Cumm,1,Middle,0
5,1,Positive,0.01595245116,0,0,2.175976989,1,Cumm,1,Middle,0
5,0,Negative,0.01770264416,0,0.1443298969,2.185911561,1,Cumm,1,Middle,0
5,0,Negative,0.0104180609,0.1443298969,1.958762887,2.207978342,1,Cumm,1,Middle,0
5,0,Negative,0.01983751635,0,1.18556701,2.272094885,1,Cumm,1,Middle,0
5,1,Positive,0.01766211068,0,0.8865979381,2.329970974,1,Cumm,1,Middle,0
5,0,Negative,0.0115359438,0,0,2.485033141,1,Cumm,1,Middle,0
5,1,Positive,0.01227623509,0,0.7628865979,2.211126349,1,Cumm,1,Middle,0
5,1,Positive,0.01987499291,0.0412371134,0.5360824742,2.34727632,1,Cumm,1,Middle,0
5,1,Positive,0.0041252951,0,0.01020408163,1.93,1,Cumm,1,Middle,0
6,0,Negative,0.01844695305,0,0,2.695344551,1,Cumm,1,Middle,1
6,1,Positive,0.01463473153,0.9587628866,0,2.663323735,1,Cumm,1,Middle,1
6,1,Positive,0.01323679938,1.742268041,0,2.720474405,1,Cumm,1,Middle,1
6,1,Positive,0.004249484085,1,0.5360824742,2.731631939,1,Cumm,1,Middle,1
6,1,Positive,0.01485825288,0.7216494845,0,2.636639891,1,Cumm,1,Middle,1
6,0,Negative,0.0127162445,1.082474227,0.9278350515,2.557257071,1,Cumm,1,Middle,1
6,1,Positive,0.003592562864,0.0618556701,0.6701030928,[],1,Cumm,1,Middle,1
6,1,Positive,0.01792577987,1.711340206,0.2886597938,2.520429237,1,Cumm,1,Middle,1
6,1,Positive,0.001712763845,0.9690721649,0,2.923405965,1,Cumm,1,Middle,1
6,1,Positive,0.01187780701,0.381443299,0,2.847109387,1,Cumm,1,Middle,1
6,1,Positive,0.006811304825,0.3711340206,0.175257732,2.631613024,1,Cumm,1,Middle,1
6,1,Positive,0.007540553511,1.309278351,0,2.954975594,1,Cumm,1,Middle,1
6,1,Positive,0.008321655246,0.5670103093,0,2.72059086,1,Cumm,1,Middle,1
6,1,Positive,0.01087670141,0.1855670103,0.01030927835,2.481692433,1,Cumm,1,Middle,1
6,0,Negative,0.007272543563,0.9175257732,0,2.435759952,1,Cumm,1,Middle,1
6,1,Positive,0.01280730598,0.9690721649,0.0206185567,2.556578795,1,Cumm,1,Middle,1
6,1,Positive,0.002622366747,1.979381443,0,2.442107864,1,Cumm,1,Middle,1
6,1,Positive,0.006705166618,1.597938144,0,2.67228142,1,Cumm,1,Middle,1
6,0,Negative,0.005271422762,1.81443299,0.2886597938,2.463971791,1,Cumm,1,Middle,1
6,0,Negative,0.01294013569,0.3711340206,0,2.444792131,1,Cumm,1,Middle,1
6,1,Positive,0.003681672395,1.515463918,0.0206185567,2.2401901,1,Cumm,1,Middle,1
6,1,Positive,0.008382439511,0.3195876289,0.0206185567,2.324368835,1,Cumm,1,Middle,1
6,0,Negative,0.009477557984,0.618556701,0,2.304650277,1,Cumm,1,Middle,1
6,1,Positive,0.001597139111,0,0,2.606559276,1,Cumm,1,Middle,1
6,1,Positive,0.003123561966,0,0,2.650917357,1,Cumm,1,Middle,1
6,1,Positive,0.009014674728,0.9587628866,0,2.423813345,1,Cumm,1,Middle,1
6,1,Positive,0.01203749921,0.1443298969,0,2.434186687,1,Cumm,1,Middle,1
6,1,Positive,0.001993924523,0,0.4432989691,2.410625755,1,Cumm,1,Middle,1
6,1,Positive,0.0118183784,0.1443298969,0,2.322560547,1,Cumm,1,Middle,1
6,1,Positive,0.01767850963,2.24742268,0,2.42880295,1,Cumm,1,Middle,1
6,0,Negative,0.03056808496,0.3092783505,0.9175257732,2.443345666,1,Cumm,1,Middle,1
6,0,Negative,0.02464923472,0.7319587629,1.319587629,2.565053801,1,Cumm,1,Middle,1
6,0,Negative,0.0079788336,0.4020618557,0,2.534527927,1,Cumm,1,Middle,1
6,0,Negative,0.03071463387,1.072164948,0.175257732,2.302202368,1,Cumm,1,Middle,1
6,1,Positive,0.02763954236,0,0.0206185567,2.503418785,1,Cumm,1,Middle,1
6,1,Positive,0.003346592445,0.01020408163,0.02040816327,2.434837143,1,Cumm,1,Middle,1
7,0,Negative,0.02030508926,0,1.479166667,3.000129162,2,StaAna,1,Middle,0
7,0,Negative,0.02228809996,0,0.03092783505,3.105157983,2,StaAna,1,Middle,0
7,1,Positive,0.02435874158,0,0.8865979381,3.078999849,2,StaAna,1,Middle,0
7,0,Negative,0.02143110103,0.0824742268,1.020618557,3.695082801,2,StaAna,1,Middle,0
7,0,Negative,0.01812951235,0.1237113402,0.6494845361,2.392443502,2,StaAna,1,Middle,0
7,1,Positive,0.00380223062,0,0.3092783505,2.816734401,2,StaAna,1,Middle,0
7,0,Negative,0.01559360243,0,1.278350515,2.90492456,2,StaAna,1,Middle,0
7,0,Negative,0.009659871491,0.0206185567,0.9175257732,2.94,2,StaAna,1,Middle,0
7,1,Positive,0.02920050344,0.05154639175,1.06185567,[],2,StaAna,1,Middle,0
7,0,Negative,0.02558408462,0.8969072165,0.1340206186,[],2,StaAna,1,Middle,0
7,0,Negative,0.02417893698,0.4845360825,0.6804123711,2.701680231,2,StaAna,1,Middle,0
7,1,Positive,0.01216529514,0.5567010309,0.4020618557,3.256446982,2,StaAna,1,Middle,0
7,0,Negative,0.03022283022,0.2886597938,0.1546391753,3.390413725,2,StaAna,1,Middle,0
7,0,Negative,0.01459813368,0,0.793814433,2.7,2,StaAna,1,Middle,0
7,0,Negative,0.007922570894,1,3,2.84,2,StaAna,1,Middle,0
7,1,Positive,0.01160548312,1.298969072,0.4639175258,3.171488393,2,StaAna,1,Middle,0
7,0,Negative,0.04225247166,0.2886597938,1.422680412,2.975695245,2,StaAna,1,Middle,0
7,0,Negative,0.005113896134,0.693877551,2.06122449,3.006704611,2,StaAna,1,Middle,0
8,0,Negative,0.03889146369,0,1.06185567,4.95,2,StaAna,1,Middle,1
8,0,Negative,0.04677809643,0,1.144329897,[],2,StaAna,1,Middle,1
8,0,Negative,0.04807567435,0,0.2268041237,2.15,2,StaAna,1,Middle,1
8,0,Negative,0.03347219944,0,2.453608247,[],2,StaAna,1,Middle,1
8,0,Negative,0.0204733397,0.0206185567,2.237113402,4.930573387,2,StaAna,1,Middle,1
8,0,Negative,0.03024450799,0.1030927835,1.175257732,[],2,StaAna,1,Middle,1
8,1,Positive,0.04341956225,0,1.072164948,[],2,StaAna,1,Middle,1
8,0,Negative,0.03992467569,0,1,[],2,StaAna,1,Middle,1
8,1,Positive,0.03563769623,0.2680412371,0.5979381443,[],2,StaAna,1,Middle,1
8,0,Negative,0.03853178906,0.4639175258,0.7113402062,[],2,StaAna,1,Middle,1
8,1,Positive,0.02383167505,0,0.6701030928,[],2,StaAna,1,Middle,1
8,1,Positive,0.02589608469,0.2989690722,0.0206185567,4.7,2,StaAna,1,Middle,1
8,0,Negative,0.05297187562,0.1237113402,0,5.400935456,2,StaAna,1,Middle,1
8,0,Negative,0.02942254285,0,1.237113402,[],2,StaAna,1,Middle,1
8,1,Positive,0.0327561185,0,0.2268041237,5.14,2,StaAna,1,Middle,1
8,1,Positive,0.03920704195,0,1.350515464,4.84,2,StaAna,1,Middle,1
8,1,Positive,0.01215153035,0,0.412371134,[],2,StaAna,1,Middle,1
8,0,Negative,0.01328238593,0,1.113402062,[],2,StaAna,1,Middle,1
8,1,Positive,0.02484385498,1.567010309,0.05154639175,[],2,StaAna,1,Middle,1
8,1,Positive,0.02104100737,0,0.1649484536,[],2,StaAna,1,Middle,1
8,1,Positive,0.04062523463,0.05154639175,1.804123711,4.941319029,2,StaAna,1,Middle,1
8,0,Negative,0.01914305869,1.350515464,2.381443299,[],2,StaAna,1,Middle,1
8,1,Positive,0.0338418178,0,3.969072165,[],2,StaAna,1,Middle,1
8,0,Negative,0.01850842704,0,1.525773196,[],2,StaAna,1,Middle,1
8,0,Negative,0.01516188382,1.265306122,0.2959183673,[],2,StaAna,1,Middle,1
9,0,Negative,0.02303700626,0,1.06185567,[],2,StaAna,1,Middle,1
9,0,Negative,0.02037381317,0.0412371134,0.2783505155,[],2,StaAna,1,Middle,1
9,0,Negative,0.0234482536,0,0.1134020619,[],2,StaAna,1,Middle,1
9,0,Negative,0.03640629117,0,0.9587628866,2.59,2,StaAna,1,Middle,1
9,0,Negative,0.0322140049,0.3298969072,0.5051546392,2.26,2,StaAna,1,Middle,1
9,0,Negative,0.02947830994,0.05154639175,0.6597938144,[],2,StaAna,1,Middle,1
9,0,Negative,0.01968557829,0.5979381443,0.9896907216,2.61,2,StaAna,1,Middle,1
9,0,Negative,0.03207570811,0.2371134021,0.2989690722,[],2,StaAna,1,Middle,1
9,0,Negative,0.03068589264,0,0.7628865979,[],2,StaAna,1,Middle,1
9,1,Positive,0.03923480153,0.01030927835,1.608247423,[],2,StaAna,1,Middle,1
9,1,Positive,0.02534446865,0,0.6701030928,2.48,2,StaAna,1,Middle,1
9,0,Negative,0.03653688166,0.7113402062,1.845360825,[],2,StaAna,1,Middle,1
9,0,Negative,0.02824619046,0.03092783505,0.9381443299,[],2,StaAna,1,Middle,1
9,0,Negative,0.0396123734,0.7142857143,0.1428571429,2.077386598,2,StaAna,1,Middle,1
10,0,Negative,0.02259345784,0.7835051546,0.4845360825,2.88016621,2,StaAna,1,Middle,0
10,0,Negative,0.009573654759,0,1.536082474,3.278277065,2,StaAna,1,Middle,0
10,0,Negative,0.009357920259,0,1.164948454,3.160791726,2,StaAna,1,Middle,0
10,0,Negative,0.004942342988,0.587628866,1.731958763,2.933309779,2,StaAna,1,Middle,0
10,0,Negative,0.02143690786,0.8969072165,0.8969072165,3.039384287,2,StaAna,1,Middle,0
10,0,Negative,0.00438808117,0.0618556701,1.371134021,3.035028475,2,StaAna,1,Middle,0
10,1,Positive,0.00721845557,0,3.103092784,2.772108163,2,StaAna,1,Middle,0
10,0,Negative,0.00856513471,0,1.381443299,2.609307032,2,StaAna,1,Middle,0
10,0,Negative,0.009142158989,0,0.3092783505,2.973186576,2,StaAna,1,Middle,0
10,0,Negative,0.01342949484,0,0.9072164948,3.18248855,2,StaAna,1,Middle,0
10,0,Negative,0.01019244645,0,0,2.880125986,2,StaAna,1,Middle,0
10,1,Positive,0.005446700771,0,0,3.082015679,2,StaAna,1,Middle,0
10,0,Negative,0.05209911769,0.587628866,0.587628866,[],2,StaAna,1,Middle,0
10,1,Positive,0.002759775351,0,0,2.745027599,2,StaAna,1,Middle,0
10,0,Negative,0.01116245255,0,0.05154639175,3.007537829,2,StaAna,1,Middle,0
10,1,Positive,0.009654688534,0,0.2989690722,3.170117289,2,StaAna,1,Middle,0
10,1,Positive,0.004627388742,0.4329896907,1.371134021,3.140814665,2,StaAna,1,Middle,0
10,1,Positive,0.006103886972,0.9278350515,1.896907216,2.745825539,2,StaAna,1,Middle,0
10,0,Negative,0.01208540209,0.02040816327,0.01020408163,2.960237034,2,StaAna,1,Middle,0
11,0,Negative,0.0432850066,0,1.670103093,[],2,StaAna,1,Middle,0
11,1,Positive,0.01974747675,0,1.484536082,2.267000851,2,StaAna,1,Middle,0
11,1,Positive,0.02359213298,0.206185567,2.226804124,1.90979797,2,StaAna,1,Middle,0
11,0,Negative,0.01636660978,0.3195876289,1.237113402,[],2,StaAna,1,Middle,0
11,1,Positive,0.02129423758,0,0,2.151180215,2,StaAna,1,Middle,0
11,0,Negative,0.03689104769,0,0.4845360825,2.083766609,2,StaAna,1,Middle,0
11,0,Negative,0.01957271489,0,0,1.885694962,2,StaAna,1,Middle,0
11,0,Negative,0.04752939961,0,0,2.034315046,2,StaAna,1,Middle,0
11,1,Positive,0.02753298303,0,1.134020619,2.145481721,2,StaAna,1,Middle,0
11,1,Positive,0.0090763276,0.7525773196,0.8144329897,[],2,StaAna,1,Middle,0
11,1,Positive,0.01014125173,0.01030927835,0.01030927835,[],2,StaAna,1,Middle,0
11,1,Positive,0.01414047084,0.4329896907,1.556701031,[],2,StaAna,1,Middle,0
11,0,Negative,0.007529753561,0.05102040816,0.9081632653,[],2,StaAna,1,Middle,0
12,0,Negative,0.03353483907,0.1134020619,1.525773196,2.051575849,2,StaAna,1,Middle,1
12,0,Negative,0.02985025851,0.3505154639,0.6701030928,2.527996868,2,StaAna,1,Middle,1
12,1,Positive,0.01943189546,0,0.175257732,2.751059618,2,StaAna,1,Middle,1
12,0,Negative,0.04279481535,1,0,2.35,2,StaAna,1,Middle,1
12,0,Negative,0.02081580069,0,0.4948453608,2.204440444,2,StaAna,1,Middle,1
12,0,Negative,0.03307569489,0,0.6804123711,2.616085546,2,StaAna,1,Middle,1
12,0,Negative,0.02252861739,0.5154639175,0.5154639175,2.635658035,2,StaAna,1,Middle,1
12,0,Negative,0.01822026255,0.9690721649,1.051546392,2.640744767,2,StaAna,1,Middle,1
12,1,Positive,0.01803668931,0.3711340206,0.9896907216,[],2,StaAna,1,Middle,1
12,0,Negative,0.01905439255,2.12371134,0.9381443299,[],2,StaAna,1,Middle,1
12,0,Negative,0.01901328409,0.3298969072,0.1134020619,[],2,StaAna,1,Middle,1
12,0,Negative,0.02153545051,0.6082474227,0.5051546392,[],2,StaAna,1,Middle,1
12,0,Negative,0.03958923583,0.65,1.5,[],2,StaAna,1,Middle,1
13,1,Positive,0.01650055114,0,0.6979166667,2.589336481,3,Colon,2,High,0
13,0,Negative,0.0162956105,0.01030927835,0.9896907216,2.370900745,3,Colon,2,High,0
13,1,Positive,0.02296970943,0,0.2577319588,2.063779527,3,Colon,2,High,0
13,1,Positive,0.02036055959,0,0,2.14678336,3,Colon,2,High,0
13,0,Negative,0.02499202964,0,0.0618556701,2.61,3,Colon,2,High,0
13,1,Positive,0.01351823019,0,0.01030927835,2.157913303,3,Colon,2,High,0
13,1,Positive,0.00816960378,0,0.05154639175,2.302156925,3,Colon,2,High,0
13,1,Positive,0.01139183805,0.2268041237,0.6804123711,2.301006143,3,Colon,2,High,0
13,1,Positive,0.005993203186,0,0,2.490557632,3,Colon,2,High,0
13,0,Negative,0.02166264257,0,0.3608247423,[],3,Colon,2,High,0
13,0,Negative,0.008652426332,0,0.2680412371,2.312367121,3,Colon,2,High,0
13,0,Negative,0.02807830213,0,0,2.23,3,Colon,2,High,0
13,0,Negative,0.02105786366,0.01030927835,0,2.592004234,3,Colon,2,High,0
13,0,Negative,0.01700510102,0,0,2.221914631,3,Colon,2,High,0
13,1,Positive,0.02075587798,0.3917525773,0,2.426595663,3,Colon,2,High,0
13,0,Negative,0.01036945663,0.1134020619,0,2.046478859,3,Colon,2,High,0
13,0,Negative,0.04368350879,0.01030927835,0.05154639175,2.061466381,3,Colon,2,High,0
13,1,Positive,0.04820662529,0.0412371134,0.3402061856,1.973170009,3,Colon,2,High,0
13,1,Positive,0.0571119946,0.6391752577,0.01030927835,2.014129397,3,Colon,2,High,0
13,0,Negative,0.03059620073,0,0.1134020619,[],3,Colon,2,High,0
13,0,Negative,0.02179841494,0,0,2.070695079,3,Colon,2,High,0
13,0,Negative,0.02334682456,0.1428571429,0,[],3,Colon,2,High,0
14,1,Positive,0.002299649653,0.2268041237,1.670103093,4.598569858,3,Colon,2,High,1
14,1,Positive,0.002500944003,0,1.711340206,3.04044869,3,Colon,2,High,1
14,1,Positive,0.005467493423,0.6907216495,2.793814433,2.927377746,3,Colon,2,High,1
14,0,Negative,0.01821090832,0,0.1546391753,2.790257844,3,Colon,2,High,1
14,1,Positive,0.003989261639,0,1.092783505,2.56,3,Colon,2,High,1
14,1,Positive,0.001533163987,0,0.5360824742,3.074941154,3,Colon,2,High,1
14,1,Positive,0.008151225833,0.01030927835,1.18556701,3.701199032,3,Colon,2,High,1
14,0,Negative,0.02156497306,0.7731958763,2.309278351,3.194597712,3,Colon,2,High,1
14,0,Negative,0.01815698241,0.5360824742,2.587628866,3.165801458,3,Colon,2,High,1
14,1,Positive,0.007623980344,0.03092783505,1.639175258,3.449356129,3,Colon,2,High,1
14,0,Negative,0.02487426784,0.4329896907,1.051546392,3.026699678,3,Colon,2,High,1
14,0,Negative,0.03504427702,1,0,2.474573899,3,Colon,2,High,1
14,0,Negative,0.03982986958,1.113402062,1.927835052,2.495060957,3,Colon,2,High,1
14,0,Negative,0.01388625432,1.673469388,0.8673469388,2.447626758,3,Colon,2,High,1
15,1,Positive,0.02610546025,0,1.257731959,4.127189077,3,Colon,2,High,1
15,1,Positive,0.01694452891,0,2.917525773,2.865464651,3,Colon,2,High,1
15,1,Positive,0.01217775242,0.2164948454,0.03092783505,3.043332582,3,Colon,2,High,1
15,0,Negative,0.01171024847,0,0.2989690722,2.450920804,3,Colon,2,High,1
15,0,Negative,0.01747870568,0.8144329897,0.5257731959,3.075359621,3,Colon,2,High,1
15,1,Positive,0.00993861809,0.9587628866,2.804123711,2.920499911,3,Colon,2,High,1
15,1,Positive,0.02689077571,0.9793814433,1.041237113,3.134025472,3,Colon,2,High,1
15,1,Positive,0.02644386251,0,1.319587629,3.0563143,3,Colon,2,High,1
15,1,Positive,0.02527423918,0.01030927835,4.391752577,2.936366769,3,Colon,2,High,1
15,1,Positive,0.01446757473,0.0824742268,0.9072164948,2.965792886,3,Colon,2,High,1
15,0,Negative,0.00959580447,0.7422680412,0.1134020619,2.538426755,3,Colon,2,High,1
15,1,Positive,0.01918380169,0.7422680412,0.03092783505,[],3,Colon,2,High,1
15,0,Negative,0.02528513563,2.360824742,0.5567010309,2.268007659,3,Colon,2,High,1
15,0,Negative,0.01563720909,0.02040816327,0.612244898,2.362743887,3,Colon,2,High,1
16,1,Positive,0.01210447041,0,2.06185567,2.783083454,3,Colon,2,High,1
16,0,Negative,0.02230126971,0,1.103092784,2.965815859,3,Colon,2,High,1
16,1,Positive,0.01493067189,0.3402061856,2.319587629,2.394886454,3,Colon,2,High,1
16,0,Negative,0.02002419945,0.0206185567,1.907216495,2.322719075,3,Colon,2,High,1
16,0,Negative,0.01461777654,0,1.309278351,2.257560771,3,Colon,2,High,1
16,0,Negative,0.02226202873,0,3.144329897,2.214262955,3,Colon,2,High,1
16,0,Negative,0.01266065693,0,2.010309278,2.125446595,3,Colon,2,High,1
16,1,Positive,0.01446242577,0,1.824742268,2.323085948,3,Colon,2,High,1
16,1,Positive,0.01152438523,0,0.8041237113,2.530153916,3,Colon,2,High,1
16,1,Positive,0.01061105044,0.381443299,2.412371134,2.387661081,3,Colon,2,High,1
16,0,Negative,0.01146501201,0.1340206186,0.9072164948,2.365230385,3,Colon,2,High,1
16,1,Positive,0.01419260585,0.01030927835,3.288659794,2.206066111,3,Colon,2,High,1
16,1,Positive,0.008697463858,0.0206185567,1.226804124,[],3,Colon,2,High,1
16,1,Positive,0.009894204679,0.5154639175,2.24742268,2.437475941,3,Colon,2,High,1
16,0,Negative,0.02037146979,0,2.175257732,2.182593846,3,Colon,2,High,1
16,0,Negative,0.01833454363,0,0.9175257732,2.322883009,3,Colon,2,High,1
16,0,Negative,0.04100651426,1.969072165,1.082474227,2.169197894,3,Colon,2,High,1
16,0,Negative,0.01758764213,0.1030927835,0.6597938144,2.066395255,3,Colon,2,High,1
16,0,Negative,0.02955584119,0.206185567,0.3402061856,1.899035206,3,Colon,2,High,1
16,0,Negative,0.05121231616,0.34375,2.052083333,1.888123093,3,Colon,2,High,1
16,0,Negative,0.03560902166,0,0.9591836735,1.934384132,3,Colon,2,High,1
17,1,Positive,0.0204086925,0,0.1134020619,4.233819545,3,Colon,2,High,0
17,1,Positive,0.01617459795,0,0,2.58,3,Colon,2,High,0
17,1,Positive,0.01386224782,0,1.835051546,[],3,Colon,2,High,0
17,1,Positive,0.00743856673,0,0.1649484536,[],3,Colon,2,High,0
17,1,Positive,0.01086197117,0,0,2.308000412,3,Colon,2,High,0
17,0,Negative,0.01195847885,0,0,2.94,3,Colon,2,High,0
17,1,Positive,0.009145566111,0.05154639175,0.5670103093,2.842287917,3,Colon,2,High,0
17,1,Positive,0.006312808985,0,0.2268041237,[],3,Colon,2,High,0
17,0,Negative,0.01324303946,0,2.092783505,2.493641827,3,Colon,2,High,0
17,1,Positive,0.004639293636,0,0.4020618557,[],3,Colon,2,High,0
17,1,Positive,0.00482019231,0,0.5463917526,2.603612728,3,Colon,2,High,0
17,1,Positive,0.0111672514,0,0.03092783505,2.470799946,3,Colon,2,High,0
17,0,Negative,0.01036367313,0,0,3.669299942,3,Colon,2,High,0
17,1,Positive,0.01442515508,0.07216494845,0.3195876289,3.828405415,3,Colon,2,High,0
17,0,Negative,0.04465608042,0.4432989691,0.2886597938,3.826113183,3,Colon,2,High,0
17,0,Negative,0.0367938833,0,1.144329897,2.71413874,3,Colon,2,High,0
17,0,Negative,0.01454129951,0.4845360825,0.6391752577,2.86810449,3,Colon,2,High,0
17,0,Negative,0.03621903071,1.887755102,1.173469388,2.693469135,3,Colon,2,High,0
18,1,Positive,0.01140941188,0,0.412371134,3.288424695,3,Colon,2,High,0
18,0,Negative,0.01398158378,0,0.6597938144,3.100811619,3,Colon,2,High,0
18,1,Positive,0.006668250975,0,1.206185567,2.136571844,3,Colon,2,High,0
18,1,Positive,0.015043963,0,1.103092784,[],3,Colon,2,High,0
18,1,Positive,0.02288745715,0,0.1340206186,[],3,Colon,2,High,0
18,0,Negative,0.01547205026,0,0.0824742268,[],3,Colon,2,High,0
18,1,Positive,0.01735595815,0.0206185567,1.278350515,[],3,Colon,2,High,0
18,0,Negative,0.01619347177,0,0.3402061856,[],3,Colon,2,High,0
18,0,Negative,0.0166816913,0,0.6597938144,2.393153685,3,Colon,2,High,0
18,1,Positive,0.01550686904,0,0.0206185567,[],3,Colon,2,High,0
18,1,Positive,0.01667446531,0.175257732,0.2577319588,[],3,Colon,2,High,0
18,1,Positive,0.01951601192,0,0.1443298969,[],3,Colon,2,High,0
18,1,Positive,0.007823181065,0,0.9484536082,[],3,Colon,2,High,0
18,1,Positive,0.01093064506,0,0.8762886598,2.343144797,3,Colon,2,High,0
18,1,Positive,0.003272628965,0.5670103093,0.206185567,2.420775716,3,Colon,2,High,0
18,0,Negative,0.03447269659,0.8659793814,0.0206185567,[],3,Colon,2,High,0
18,0,Negative,0.01865560622,0.7525773196,0.01030927835,[],3,Colon,2,High,0
18,1,Positive,0.01474703308,0.4226804124,0,3.461718246,3,Colon,2,High,0
18,0,Negative,0.02168866958,0,0.09278350515,2.662793635,3,Colon,2,High,0
18,1,Positive,0.01456590157,1.082474227,0.2164948454,3.280646134,3,Colon,2,High,0
18,1,Positive,0.03439254596,0.4948453608,0.7113402062,[],3,Colon,2,High,0
18,1,Positive,0.02384062837,0.01030927835,0.175257732,[],3,Colon,2,High,0
18,0,Negative,0.02409220653,0.3,0.07,[],3,Colon,2,High,0
19,0,Negative,0.02229360783,0,0.21875,2.535525152,4,Bilbao,2,High,0
19,1,Positive,0.02163107859,0,0,2.216732523,4,Bilbao,2,High,0
19,1,Positive,0.02415792299,0,0.6701030928,2.16186114,4,Bilbao,2,High,0
19,1,Positive,0.009014669422,0,0,[],4,Bilbao,2,High,0
19,1,Positive,0.009100284536,0.1030927835,0.01030927835,[],4,Bilbao,2,High,0
19,1,Positive,0.01700738129,0.0618556701,0,[],4,Bilbao,2,High,0
19,1,Positive,0.003842298564,0,0.5773195876,[],4,Bilbao,2,High,0
19,1,Positive,0.0151823324,0,3.24742268,2.25,4,Bilbao,2,High,0
19,1,Positive,0.01046580198,0,0.2783505155,[],4,Bilbao,2,High,0
19,0,Negative,0.01892247084,0,1.989690722,[],4,Bilbao,2,High,0
19,0,Negative,0.01547859257,0,1.989690722,2.186716727,4,Bilbao,2,High,0
19,0,Negative,0.01835190798,0.01030927835,1.989690722,[],4,Bilbao,2,High,0
19,0,Negative,0.01824563679,0.206185567,1.587628866,[],4,Bilbao,2,High,0
19,0,Negative,0.02095564937,0,0,[],4,Bilbao,2,High,0
19,0,Negative,0.02422982969,0.1134020619,0,[],4,Bilbao,2,High,0
19,0,Negative,0.07192577556,0.7835051546,0.2680412371,[],4,Bilbao,2,High,0
19,0,Negative,0.01472536516,0.1443298969,0.7319587629,[],4,Bilbao,2,High,0
19,0,Negative,0.03000215695,1.142857143,0.2755102041,[],4,Bilbao,2,High,0
20,1,Positive,0.0321421852,0.1443298969,0.8144329897,3.213250747,4,Bilbao,2,High,0
20,1,Positive,0.03111769749,0.01030927835,0.09278350515,2.833597592,4,Bilbao,2,High,0
20,1,Positive,0.007728289691,0,0,2.805767747,4,Bilbao,2,High,0
20,1,Positive,0.009460152013,0,0.7319587629,2.782609235,4,Bilbao,2,High,0
20,1,Positive,0.01738033388,0,0.1030927835,2.888019957,4,Bilbao,2,High,0
20,0,Negative,0.01934150941,0,0.07216494845,2.60089697,4,Bilbao,2,High,0
20,1,Positive,0.01088066995,0,0.4639175258,2.916314575,4,Bilbao,2,High,0
20,1,Positive,0.004527523621,0.03092783505,0.0206185567,2.646389849,4,Bilbao,2,High,0
20,1,Positive,0.008903248024,0.0412371134,0.6804123711,2.716286805,4,Bilbao,2,High,0
20,0,Negative,0.008936677565,0,1.340206186,2.512412587,4,Bilbao,2,High,0
20,1,Positive,0.007737592092,0,2.298969072,2.943135408,4,Bilbao,2,High,0
20,1,Positive,0.01301360573,0,1.969072165,2.939662798,4,Bilbao,2,High,0
20,0,Negative,0.02398503639,0.4020618557,0.7731958763,2.999949567,4,Bilbao,2,High,0
20,0,Negative,0.02717632464,0.1649484536,1.329896907,2.899829449,4,Bilbao,2,High,0
20,1,Positive,0.01619786422,0,0.2783505155,3.027916201,4,Bilbao,2,High,0
20,0,Negative,0.01956762543,0.4845360825,0.587628866,2.72,4,Bilbao,2,High,0
20,0,Negative,0.01324540724,0.7319587629,2.865979381,2.771398792,4,Bilbao,2,High,0
20,0,Negative,0.03430871433,0,4.556701031,2.593116373,4,Bilbao,2,High,0
20,0,Negative,0.03410663104,0.806122449,0.3571428571,2.701148626,4,Bilbao,2,High,0
21,0,Negative,0.03212002799,0,0.175257732,2.226962548,4,Bilbao,2,High,0
21,1,Positive,0.02644481264,0,0.3917525773,[],4,Bilbao,2,High,0
21,0,Negative,0.01294363608,0,1.072164948,2.160217641,4,Bilbao,2,High,0
21,1,Positive,0.01281973405,0,0.9381443299,[],4,Bilbao,2,High,0
21,1,Positive,0.01252348377,0,1.577319588,2.362987418,4,Bilbao,2,High,0
21,1,Positive,0.002863679149,0,1.381443299,2.2,4,Bilbao,2,High,0
21,1,Positive,0.004764227927,0,1.659793814,1.993653506,4,Bilbao,2,High,0
21,1,Positive,0.01620129174,0.6597938144,0.4639175258,2.010516005,4,Bilbao,2,High,0
21,1,Positive,0.01278104548,0,2.18556701,2.37,4,Bilbao,2,High,0
21,0,Negative,0.01174437542,0,1.453608247,2.532946366,4,Bilbao,2,High,0
21,1,Positive,0.02852531718,0,2.103092784,2.354388219,4,Bilbao,2,High,0
21,1,Positive,0.02485203084,0,1.649484536,2.089181178,4,Bilbao,2,High,0
21,1,Positive,0.02156015331,0.03092783505,2.144329897,2.181992216,4,Bilbao,2,High,0
21,1,Positive,0.02151178115,0.0206185567,2.381443299,2.179386334,4,Bilbao,2,High,0
21,0,Negative,0.02314123633,0.3092783505,1.412371134,[],4,Bilbao,2,High,0
21,1,Positive,0.0406156381,0.3298969072,1.855670103,2.328737165,4,Bilbao,2,High,0
21,0,Negative,0.0345360091,0,1.051546392,[],4,Bilbao,2,High,0
21,1,Positive,0.02285130346,0.2244897959,0.3571428571,[],4,Bilbao,2,High,0
22,1,Positive,0.01185260066,0,0.5051546392,[],4,Bilbao,2,High,1
22,1,Positive,0.01621546407,0,0.09278350515,2.361584078,4,Bilbao,2,High,1
22,1,Positive,0.01720182863,0,1.505154639,2.458219831,4,Bilbao,2,High,1
22,1,Positive,0.003617439216,0.1958762887,1.12371134,2.460108505,4,Bilbao,2,High,1
22,1,Positive,0.01158500072,0.07216494845,1.360824742,2.463902213,4,Bilbao,2,High,1
22,0,Negative,0.02211307428,0.5979381443,1.865979381,[],4,Bilbao,2,High,1
22,1,Positive,0.01385645759,0.01030927835,0.6701030928,[],4,Bilbao,2,High,1
22,1,Positive,0.02112620146,0.0206185567,1.845360825,2.601843839,4,Bilbao,2,High,1
22,1,Positive,0.02580967261,0.8659793814,2.072164948,2.470332256,4,Bilbao,2,High,1
22,0,Negative,0.06487290643,0.3917525773,5.082474227,2.36,4,Bilbao,2,High,1
22,1,Positive,0.01742378343,0.2886597938,1.360824742,[],4,Bilbao,2,High,1
22,0,Negative,0.04993507915,0.5051546392,2.134020619,2.111334153,4,Bilbao,2,High,1
22,1,Positive,0.05180084404,2.744897959,0.4591836735,2.126753743,4,Bilbao,2,High,1
23,1,Positive,0.04025205264,0,0,3.192671604,4,Bilbao,2,High,1
23,1,Positive,0.02478207827,0,0,2.834458578,4,Bilbao,2,High,1
23,1,Positive,0.02984823518,0,0.0824742268,2.758302617,4,Bilbao,2,High,1
23,0,Negative,0.01699260945,0,0.1443298969,[],4,Bilbao,2,High,1
23,0,Negative,0.02580440407,0.03092783505,0.2680412371,2.626851755,4,Bilbao,2,High,1
23,1,Positive,0.01608127213,0,0.01030927835,2.563582489,4,Bilbao,2,High,1
23,0,Negative,0.01934820903,0,0.01030927835,2.613833162,4,Bilbao,2,High,1
23,1,Positive,0.03443109906,0,0.5360824742,2.42071417,4,Bilbao,2,High,1
23,1,Positive,0.0117863895,0,0.7010309278,2.789479784,4,Bilbao,2,High,1
23,0,Negative,0.01466158655,0,0.5463917526,2.561576836,4,Bilbao,2,High,1
23,1,Positive,0.02126383619,0,1.072164948,2.522116606,4,Bilbao,2,High,1
23,0,Negative,0.0105987433,0,1.680412371,2.557177987,4,Bilbao,2,High,1
23,1,Positive,0.01605424292,1.309278351,0,[],4,Bilbao,2,High,1
23,0,Negative,0.004048772237,0,0.09278350515,3.106321226,4,Bilbao,2,High,1
23,0,Negative,0.01060590487,0,1.113402062,2.466676618,4,Bilbao,2,High,1
23,1,Positive,0.005682472757,0,0.0206185567,2.459912765,4,Bilbao,2,High,1
23,0,Negative,0.01165774914,0,2.618556701,2.515007558,4,Bilbao,2,High,1
23,1,Positive,0.02610292422,0,1.175257732,2.577368495,4,Bilbao,2,High,1
23,0,Negative,0.03385696376,0,2.835051546,2.72486623,4,Bilbao,2,High,1
23,0,Negative,0.01254161582,0.7010309278,2.907216495,2.605764959,4,Bilbao,2,High,1
23,0,Negative,0.03556705218,0,0.4845360825,2.505647628,4,Bilbao,2,High,1
23,0,Negative,0.04789959523,0.01030927835,0,2.65,4,Bilbao,2,High,1
23,0,Negative,0.04670045382,0.3505154639,1.113402062,2.373605686,4,Bilbao,2,High,1
23,1,Positive,0.03455449494,0.03092783505,2.515463918,[],4,Bilbao,2,High,1
23,1,Positive,0.03184279977,3.387755102,1.224489796,2.433783587,4,Bilbao,2,High,1
24,1,Positive,0.01394762064,0,0.1546391753,2.563912396,4,Bilbao,2,High,1
24,0,Negative,0.01759045948,0,0,2.363719912,4,Bilbao,2,High,1
24,1,Positive,0.02970641536,0,0,2.126621765,4,Bilbao,2,High,1
24,0,Negative,0.01405281329,0,0.0206185567,2.206699306,4,Bilbao,2,High,1
24,0,Negative,0.01699255333,0,1.06185567,2.623251557,4,Bilbao,2,High,1
24,0,Negative,0.009145749205,0.05154639175,0.8762886598,[],4,Bilbao,2,High,1
24,1,Positive,0.01045156052,0,0.7113402062,2.152837672,4,Bilbao,2,High,1
24,1,Positive,0.006059899608,0,0.9484536082,2.452167311,4,Bilbao,2,High,1
24,1,Positive,0.01255567974,0,0.9175257732,2.312076795,4,Bilbao,2,High,1
24,1,Positive,0.006853524234,0,1.494845361,2.320446994,4,Bilbao,2,High,1
24,1,Positive,0.01566575963,0.2164948454,2.319587629,2.333317635,4,Bilbao,2,High,1
24,0,Negative,0.01685231443,0,1.020618557,2.278274848,4,Bilbao,2,High,1
24,1,Positive,0.01406184598,0,0,2.451943434,4,Bilbao,2,High,1
24,0,Negative,0.006961361996,0.2989690722,0,2.119685036,4,Bilbao,2,High,1
24,1,Positive,0.014009246,0,0.05154639175,2.03,4,Bilbao,2,High,1
24,1,Positive,0.009369161677,0,0.9896907216,2.209871044,4,Bilbao,2,High,1
24,0,Negative,0.007802059203,0.0206185567,1.010309278,2.548964036,4,Bilbao,2,High,1
24,0,Negative,0.01191250495,0,1.237113402,2.611337784,4,Bilbao,2,High,1
24,0,Negative,0.005987518666,0.0206185567,1.144329897,2.308224497,4,Bilbao,2,High,1
24,0,Negative,0.009452301601,0.09278350515,1.587628866,2.248867203,4,Bilbao,2,High,1
24,1,Positive,0.01018368233,0,0.6804123711,2.52020936,4,Bilbao,2,High,1
24,1,Positive,0.01148179425,0,1.546391753,[],4,Bilbao,2,High,1
24,0,Negative,0.01615966964,0,1.711340206,2.541049553,4,Bilbao,2,High,1
24,1,Positive,0.01697646008,0,1.567010309,2.488499648,4,Bilbao,2,High,1
24,0,Negative,0.04038233819,1.979381443,4.082474227,2.284958252,4,Bilbao,2,High,1
24,0,Negative,0.04936242973,1.721649485,2.18556701,2.72885645,4,Bilbao,2,High,1
24,0,Negative,0.01798082864,1.350515464,2.164948454,2.272330895,4,Bilbao,2,High,1
24,0,Negative,0.03105687097,0.5257731959,1.969072165,2.281348401,4,Bilbao,2,High,1
24,0,Negative,0.04283037346,2.103092784,1.051546392,2.288888889,4,Bilbao,2,High,1
24,0,Negative,0.03569250787,3.051546392,0.9793814433,2.170825861,4,Bilbao,2,High,1
24,1,Positive,0.03586576976,0.8282828283,0.0101010101,2.200229971,4,Bilbao,2,High,1
25,0,Negative,0.004560854057,0,0.3195876289,2.85,5,Ecuador,3,Low,0
25,0,Negative,0.001346601968,0,0,2.543278812,5,Ecuador,3,Low,0
25,0,Negative,0.008568693511,0,1.072164948,2.487470112,5,Ecuador,3,Low,0
25,0,Negative,0.006403372853,0,0.9072164948,2.507358171,5,Ecuador,3,Low,0
25,0,Negative,0.009756105707,0,0.5670103093,2.449486622,5,Ecuador,3,Low,0
25,0,Negative,0.007374234811,0.1134020619,0.0618556701,2.420364397,5,Ecuador,3,Low,0
25,0,Negative,0.005556653054,0.6288659794,0.1030927835,2.2,5,Ecuador,3,Low,0
25,0,Negative,0.008014385541,0,0.2783505155,2.387384884,5,Ecuador,3,Low,0
25,0,Negative,0.00842619623,0,2.360824742,2.262,5,Ecuador,3,Low,0
25,0,Negative,0.01415992415,0,1.412371134,2.497901154,5,Ecuador,3,Low,0
25,0,Negative,0.02025066416,0,0.07216494845,2.68444009,5,Ecuador,3,Low,0
25,0,Negative,0.02220953371,0.4742268041,0.618556701,2.501285877,5,Ecuador,3,Low,0
25,0,Negative,0.01422237633,0,0.01030927835,2.378573103,5,Ecuador,3,Low,0
25,0,Negative,0.01520740441,0.4742268041,0.7113402062,2.266352037,5,Ecuador,3,Low,0
25,0,Negative,0.0267361364,0,1.81443299,[],5,Ecuador,3,Low,0
25,0,Negative,0.008536176629,0,0.9896907216,[],5,Ecuador,3,Low,0
25,0,Negative,0.008109380768,1.536082474,0,2.036709652,5,Ecuador,3,Low,0
25,1,Positive,0.04126080408,0.5154639175,0.8144329897,[],5,Ecuador,3,Low,0
25,0,Negative,0.02218001733,0.5257731959,0.2474226804,[],5,Ecuador,3,Low,0
25,1,Positive,0.0229132522,0.1030927835,0.8865979381,2.04741862,5,Ecuador,3,Low,0
25,0,Negative,0.02588737645,0.0206185567,1.494845361,[],5,Ecuador,3,Low,0
25,0,Negative,0.02125083838,0.3711340206,0.1340206186,2.446643107,5,Ecuador,3,Low,0
25,0,Negative,0.007106334799,0,0,2.25855348,5,Ecuador,3,Low,0
25,0,Negative,0.01232673896,0.2886597938,0.0618556701,2.324118776,5,Ecuador,3,Low,0
25,1,Positive,0.03012401082,0,0.0206185567,[],5,Ecuador,3,Low,0
25,0,Negative,0.01032559716,0.175257732,0.1443298969,[],5,Ecuador,3,Low,0
25,0,Negative,0.01480305208,0.6288659794,0.2268041237,[],5,Ecuador,3,Low,0
25,0,Negative,0.03440245238,0.2268041237,0.2680412371,[],5,Ecuador,3,Low,0
25,0,Negative,0.04156040251,0.4226804124,0,[],5,Ecuador,3,Low,0
25,1,Positive,0.04766023484,0.7857142857,0.1530612245,[],5,Ecuador,3,Low,0
26,0,Negative,0.01454557194,0,0.2164948454,3.009145653,5,Ecuador,3,Low,0
26,0,Negative,0.02951285699,0.05154639175,0,2.679537651,5,Ecuador,3,Low,0
26,0,Negative,0.02884175604,0,0,1.948515411,5,Ecuador,3,Low,0
26,1,Positive,0.02195731173,0,0.8556701031,2.645513878,5,Ecuador,3,Low,0
26,1,Positive,0.03901713807,1.237113402,0.7010309278,2.14,5,Ecuador,3,Low,0
26,0,Negative,0.01679201191,0.8453608247,0.9175257732,2.19727861,5,Ecuador,3,Low,0
26,1,Positive,0.01951160076,0.9896907216,0.8659793814,[],5,Ecuador,3,Low,0
26,1,Positive,0.03271718564,0,1.556701031,[],5,Ecuador,3,Low,0
26,0,Negative,0.02666186868,0.5257731959,0.9175257732,2.242348088,5,Ecuador,3,Low,0
26,1,Positive,0.03941746793,0.9484536082,0.6804123711,2.564591213,5,Ecuador,3,Low,0
26,0,Negative,0.01359240571,0.2371134021,0.2371134021,2.181986239,5,Ecuador,3,Low,0
26,1,Positive,0.0113469,0.0206185567,0.7525773196,2.52345777,5,Ecuador,3,Low,0
26,1,Positive,0.03145556505,0.4845360825,0.1237113402,[],5,Ecuador,3,Low,0
26,0,Negative,0.04528237426,0.3092783505,0.6701030928,2.510316787,5,Ecuador,3,Low,0
26,1,Positive,0.06943924942,0.03092783505,0.7113402062,2.056182215,5,Ecuador,3,Low,0
26,1,Positive,0.08615306593,0.9072164948,0.6494845361,[],5,Ecuador,3,Low,0
26,0,Negative,0.03614320745,0.7010309278,0.1649484536,2.518489799,5,Ecuador,3,Low,0
26,0,Negative,0.06194813548,1.329896907,0.1649484536,[],5,Ecuador,3,Low,0
26,1,Positive,0.0273787962,0.4742268041,0.09278350515,[],5,Ecuador,3,Low,0
26,1,Positive,0.03600871407,0,0.7551020408,[],5,Ecuador,3,Low,0
27,0,Negative,0.01089250763,0.4639175258,1.041237113,[],5,Ecuador,3,Low,0
27,1,Positive,0.02279749037,0.2474226804,0.206185567,[],5,Ecuador,3,Low,0
27,0,Negative,0.02286150868,0.5567010309,0,[],5,Ecuador,3,Low,0
27,0,Negative,0.02240997496,0.8350515464,0.8144329897,[],5,Ecuador,3,Low,0
27,0,Negative,0.01389976142,0.8556701031,0,[],5,Ecuador,3,Low,0
27,0,Negative,0.02502212964,0,0,[],5,Ecuador,3,Low,0
27,0,Negative,0.0256488363,0.6288659794,0.0206185567,[],5,Ecuador,3,Low,0
27,0,Negative,0.02434291607,0.412371134,0.5154639175,[],5,Ecuador,3,Low,0
27,0,Negative,0.01562264022,0.8659793814,2.175257732,[],5,Ecuador,3,Low,0
27,1,Positive,0.05009874831,0.05154639175,0.2783505155,[],5,Ecuador,3,Low,0
27,1,Positive,0.05206153709,0.1237113402,0.381443299,[],5,Ecuador,3,Low,0
27,0,Negative,0.008819681151,0.01030927835,0.9587628866,2.174275802,5,Ecuador,3,Low,0
27,1,Positive,0.03048771569,0,0.7731958763,[],5,Ecuador,3,Low,0
27,0,Negative,0.007033466995,0.206185567,0.175257732,2.324934824,5,Ecuador,3,Low,0
27,0,Negative,0.008161122057,0,0.01030927835,2.050422379,5,Ecuador,3,Low,0
27,0,Negative,0.02153702523,1,2.319587629,[],5,Ecuador,3,Low,0
27,1,Positive,0.03869845937,1.556701031,0.2783505155,[],5,Ecuador,3,Low,0
27,0,Negative,0.03486855221,0,1.979381443,[],5,Ecuador,3,Low,0
27,0,Negative,0.03543662043,1,1.154639175,[],5,Ecuador,3,Low,0
27,1,Positive,0.03618083571,1.546391753,0.8762886598,[],5,Ecuador,3,Low,0
27,0,Negative,0.0299755143,0.1237113402,1.659793814,[],5,Ecuador,3,Low,0
27,0,Negative,0.0246177243,1.298969072,1.268041237,[],5,Ecuador,3,Low,0
27,0,Negative,0.03900534378,0.8144329897,1,[],5,Ecuador,3,Low,0
27,1,Positive,0.04209247495,0,1.525773196,[],5,Ecuador,3,Low,0
27,1,Positive,0.03786611125,0.4536082474,0,2.25,5,Ecuador,3,Low,0
27,1,Positive,0.03517362708,1.144329897,2.731958763,[],5,Ecuador,3,Low,0
27,0,Negative,0.04566037552,0.5463917526,1.484536082,2.279281993,5,Ecuador,3,Low,0
27,0,Negative,0.03440511059,0.5670103093,0,[],5,Ecuador,3,Low,0
27,0,Negative,0.0518559578,1.257731959,0.3298969072,[],5,Ecuador,3,Low,0
27,0,Negative,0.07395633101,1.319587629,0.1855670103,[],5,Ecuador,3,Low,0
27,0,Negative,0.04518184657,0.8350515464,0.1237113402,[],5,Ecuador,3,Low,0
27,1,Positive,0.04267239498,0.8041237113,0,[],5,Ecuador,3,Low,0
27,1,Positive,0.04909007776,0.07142857143,0.1530612245,[],5,Ecuador,3,Low,0
28,0,Negative,0.03228966369,0,0,2.207437941,5,Ecuador,3,Low,1
28,0,Negative,0.02056736607,0,0.8041237113,[],5,Ecuador,3,Low,1
28,0,Negative,0.07325464182,0,0,[],5,Ecuador,3,Low,1
28,1,Positive,0.01946776109,0,0.07216494845,2.357711534,5,Ecuador,3,Low,1
28,0,Negative,0.06963915006,0,0.2164948454,[],5,Ecuador,3,Low,1
28,0,Negative,0.102822021,0.7010309278,0.5463917526,[],5,Ecuador,3,Low,1
28,0,Negative,0.07141752389,0.587628866,0.8453608247,[],5,Ecuador,3,Low,1
28,0,Negative,0.02175008037,5.092783505,0.5257731959,[],5,Ecuador,3,Low,1
28,0,Negative,0.03263733865,0.7010309278,0.1340206186,[],5,Ecuador,3,Low,1
28,0,Negative,0.09264903254,1.422680412,0,[],5,Ecuador,3,Low,1
28,0,Negative,0.05730606168,3,0,[],5,Ecuador,3,Low,1
28,0,Negative,0.04852416219,0.6020408163,0.9897959184,[],5,Ecuador,3,Low,1
29,0,Negative,0.007513965074,0,0.9690721649,2.253426216,5,Ecuador,3,Low,1
29,0,Negative,0.03130297852,0,0.5979381443,[],5,Ecuador,3,Low,1
29,0,Negative,0.01597770955,0,2.371134021,[],5,Ecuador,3,Low,1
29,1,Positive,0.02738335653,0,0.6701030928,[],5,Ecuador,3,Low,1
29,0,Negative,0.01405681255,0.0618556701,1.546391753,2.223431209,5,Ecuador,3,Low,1
29,1,Positive,0.03741177587,0,0.4432989691,[],5,Ecuador,3,Low,1
29,1,Positive,0.0206167282,0.3608247423,1.608247423,[],5,Ecuador,3,Low,1
29,1,Positive,0.050122323,0,0.9690721649,[],5,Ecuador,3,Low,1
29,0,Negative,0.02930697503,1.886597938,0.8350515464,[],5,Ecuador,3,Low,1
29,0,Negative,0.03981985472,0.4226804124,2.773195876,[],5,Ecuador,3,Low,1
29,0,Negative,0.02732149882,0.1134020619,3.278350515,2.3,5,Ecuador,3,Low,1
29,0,Negative,0.03775233102,0.9278350515,0.9793814433,2.225060293,5,Ecuador,3,Low,1
29,0,Negative,0.0242884076,0,1.134020619,1.816684288,5,Ecuador,3,Low,1
29,0,Negative,0.03905784059,0.1734693878,1.591836735,[],5,Ecuador,3,Low,1
30,1,Positive,0.03066572028,0,0.7319587629,2.7797638,5,Ecuador,3,Low,1
30,0,Negative,0.0189989844,0.2474226804,0,3.030406002,5,Ecuador,3,Low,1
30,0,Negative,0.02212829519,0,0,2.537455152,5,Ecuador,3,Low,1
30,0,Negative,0.05924181362,0,0.1030927835,[],5,Ecuador,3,Low,1
30,1,Positive,0.02078650818,0,2.804123711,[],5,Ecuador,3,Low,1
30,1,Positive,0.04576228774,0.2989690722,1.412371134,2.444991029,5,Ecuador,3,Low,1
30,1,Positive,0.07277710139,0.2474226804,0.8865979381,2.694107518,5,Ecuador,3,Low,1
30,1,Positive,0.07035466385,0,2,2.497752932,5,Ecuador,3,Low,1
30,0,Negative,0.06228889553,0,0.6082474227,[],5,Ecuador,3,Low,1
30,1,Positive,0.02196543743,0,0.01030927835,[],5,Ecuador,3,Low,1
30,1,Positive,0.06672121963,0,0.8041237113,[],5,Ecuador,3,Low,1
30,1,Positive,0.03214430055,0.6391752577,0.9690721649,2.610542026,5,Ecuador,3,Low,1
30,1,Positive,0.0517524867,0.05154639175,1.268041237,2.606733105,5,Ecuador,3,Low,1
30,1,Positive,0.04286958469,0.03092783505,0,[],5,Ecuador,3,Low,1
30,0,Negative,0.04547238502,0.09278350515,0.5360824742,[],5,Ecuador,3,Low,1
30,0,Negative,0.08333030188,0,0.7959183673,[],5,Ecuador,3,Low,1
31,1,Positive,0.006665216855,0,0.3195876289,[],6,Hurtado,3,Low,0
31,0,Negative,0.01462110137,0,0,[],6,Hurtado,3,Low,0
31,1,Positive,0.004658814255,0,1.072164948,[],6,Hurtado,3,Low,0
31,0,Negative,0.02522741016,0,0.9072164948,[],6,Hurtado,3,Low,0
31,0,Negative,0.01477576715,0,0.5670103093,2.345216473,6,Hurtado,3,Low,0
31,0,Negative,0.01422964477,0.1134020619,0.0618556701,[],6,Hurtado,3,Low,0
31,0,Negative,0.03058059834,0.6288659794,0.1030927835,[],6,Hurtado,3,Low,0
31,0,Negative,0.0221948659,0,0.2783505155,[],6,Hurtado,3,Low,0
31,0,Negative,0.01583214843,0,2.360824742,[],6,Hurtado,3,Low,0
31,0,Negative,0.01539547392,0,1.412371134,[],6,Hurtado,3,Low,0
31,0,Negative,0.02057367715,0,0.07216494845,[],6,Hurtado,3,Low,0
31,0,Negative,0.01759606196,0.4742268041,0.618556701,[],6,Hurtado,3,Low,0
31,0,Negative,0.03837821352,0,0.01030927835,[],6,Hurtado,3,Low,0
32,0,Negative,0.009384269204,0.4742268041,0.7113402062,2.400584292,6,Hurtado,3,Low,1
32,0,Negative,0.03542108494,0,1.81443299,2.623496015,6,Hurtado,3,Low,1
32,1,Positive,0.04768381869,0,0.9896907216,[],6,Hurtado,3,Low,1
32,0,Negative,0.07376476738,1.536082474,0,2.320036767,6,Hurtado,3,Low,1
32,0,Negative,0.04603403499,0.5154639175,0.8144329897,2.184635908,6,Hurtado,3,Low,1
32,0,Negative,0.0351393931,0.5257731959,0.2474226804,2.162593992,6,Hurtado,3,Low,1
32,0,Negative,0.009847831107,0.1030927835,0.8865979381,2.354883581,6,Hurtado,3,Low,1
32,0,Negative,0.02005201064,0.0206185567,1.494845361,[],6,Hurtado,3,Low,1
32,0,Negative,0.01817230088,0.3711340206,0.1340206186,[],6,Hurtado,3,Low,1
32,0,Negative,0.02099540821,0,0,[],6,Hurtado,3,Low,1
32,0,Negative,0.03678222928,0.2886597938,0.0618556701,[],6,Hurtado,3,Low,1
32,0,Negative,0.02996896067,0,0.0206185567,[],6,Hurtado,3,Low,1
32,0,Negative,0.0284424342,0.175257732,0.1443298969,[],6,Hurtado,3,Low,1
32,0,Negative,0.02813980902,0.6288659794,0.2268041237,[],6,Hurtado,3,Low,1
32,0,Negative,0.03173260185,0.2268041237,0.2680412371,[],6,Hurtado,3,Low,1
32,0,Negative,0.02898006571,0.4226804124,0,[],6,Hurtado,3,Low,1
32,0,Negative,0.01625932308,0.7857142857,0.1530612245,[],6,Hurtado,3,Low,1
32,0,Negative,0.02750442786,0,0.2164948454,[],6,Hurtado,3,Low,1
32,0,Negative,0.02838247873,0.05154639175,0,[],6,Hurtado,3,Low,1
32,0,Negative,0.03605352663,0,0,[],6,Hurtado,3,Low,1
32,0,Negative,0.02311396801,0,0.8556701031,[],6,Hurtado,3,Low,1
33,0,Negative,0.05233127211,1.237113402,0.7010309278,2.071502034,6,Hurtado,3,Low,0
33,0,Negative,0.02752003722,0.8453608247,0.9175257732,[],6,Hurtado,3,Low,0
33,0,Negative,0.0189731608,0.9896907216,0.8659793814,[],6,Hurtado,3,Low,0
33,0,Negative,0.01571055136,0,1.556701031,[],6,Hurtado,3,Low,0
33,0,Negative,0.007873726548,0.5257731959,0.9175257732,[],6,Hurtado,3,Low,0
33,0,Negative,0.0321620598,0.9484536082,0.6804123711,[],6,Hurtado,3,Low,0
33,0,Negative,0.02449647617,0.2371134021,0.2371134021,[],6,Hurtado,3,Low,0
33,0,Negative,0.01884638589,0.0206185567,0.7525773196,[],6,Hurtado,3,Low,0
33,0,Negative,0.009175315705,0.4845360825,0.1237113402,[],6,Hurtado,3,Low,0
33,0,Negative,0.02690218684,0.3092783505,0.6701030928,[],6,Hurtado,3,Low,0
33,0,Negative,0.03111362027,0.03092783505,0.7113402062,[],6,Hurtado,3,Low,0
33,0,Negative,0.04977576532,0.9072164948,0.6494845361,[],6,Hurtado,3,Low,0
33,0,Negative,0.01592683182,0.7010309278,0.1649484536,[],6,Hurtado,3,Low,0
33,0,Negative,0.04478470582,1.329896907,0.1649484536,[],6,Hurtado,3,Low,0
33,0,Negative,0.03802673236,0.4742268041,0.09278350515,3.05,6,Hurtado,3,Low,0
33,0,Negative,0.0344279231,0,0.7551020408,2.615755057,6,Hurtado,3,Low,0
34,1,Positive,0.05052229473,0.4639175258,1.041237113,3.228726227,6,Hurtado,3,Low,1
34,0,Negative,0.01975796519,0.2474226804,0.206185567,2.621487871,6,Hurtado,3,Low,1
34,0,Negative,0.05246116579,0.5567010309,0,3.412398355,6,Hurtado,3,Low,1
34,0,Negative,0.01738344303,0.8350515464,0.8144329897,3.181427386,6,Hurtado,3,Low,1
34,0,Negative,0.02955286879,0.8556701031,0,2.615457283,6,Hurtado,3,Low,1
34,0,Negative,0.02243360392,0,0,2.597862118,6,Hurtado,3,Low,1
34,0,Negative,0.03515745539,0.6288659794,0.0206185567,2.907518741,6,Hurtado,3,Low,1
34,0,Negative,0.004644496024,0.412371134,0.5154639175,2.571482978,6,Hurtado,3,Low,1
34,0,Negative,0.01150503907,0.8659793814,2.175257732,2.716309996,6,Hurtado,3,Low,1
34,0,Negative,0.02720617248,0.05154639175,0.2783505155,2.761351454,6,Hurtado,3,Low,1
34,0,Negative,0.02988714574,0.1237113402,0.381443299,2.792501899,6,Hurtado,3,Low,1
34,0,Negative,0.01938168362,0.01030927835,0.9587628866,2.854725544,6,Hurtado,3,Low,1
34,0,Negative,0.02528613073,0,0.7731958763,2.960464028,6,Hurtado,3,Low,1
34,0,Negative,0.03102727518,0.206185567,0.175257732,2.916315019,6,Hurtado,3,Low,1
34,0,Negative,0.03276338671,0,0.01030927835,2.990268382,6,Hurtado,3,Low,1
34,0,Negative,0.04361997237,1,2.319587629,2.923014074,6,Hurtado,3,Low,1
34,0,Negative,0.01138770928,1.556701031,0.2783505155,2.730592392,6,Hurtado,3,Low,1
34,0,Negative,0.03170684327,0,1.979381443,3.293320932,6,Hurtado,3,Low,1
34,0,Negative,0.08758544766,1,1.154639175,4.235375058,6,Hurtado,3,Low,1
34,0,Negative,0.0379738214,1.546391753,0.8762886598,2.989706508,6,Hurtado,3,Low,1
35,1,Positive,0.06117020424,0.1237113402,1.659793814,[],6,Hurtado,3,Low,1
35,0,Negative,0.041669313,1.298969072,1.268041237,[],6,Hurtado,3,Low,1
35,0,Negative,0.04858261293,0.8144329897,1,2.28768824,6,Hurtado,3,Low,1
35,0,Negative,0.034354866,0,1.525773196,[],6,Hurtado,3,Low,1
35,0,Negative,0.02286245145,0.4536082474,0,1.954960256,6,Hurtado,3,Low,1
35,0,Negative,0.05983460072,1.144329897,2.731958763,[],6,Hurtado,3,Low,1
35,0,Negative,0.04504676857,0.5463917526,1.484536082,[],6,Hurtado,3,Low,1
35,0,Negative,0.03756048662,0.5670103093,0,[],6,Hurtado,3,Low,1
35,0,Negative,0.03768092348,1.257731959,0.3298969072,[],6,Hurtado,3,Low,1
35,0,Negative,0.08918232609,1.319587629,0.1855670103,[],6,Hurtado,3,Low,1
35,0,Negative,0.02886575964,0.8350515464,0.1237113402,[],6,Hurtado,3,Low,1
35,0,Negative,0.04435096671,0.8041237113,0,[],6,Hurtado,3,Low,1
36,1,Positive,0.02923252254,0.07142857143,0.1530612245,2.210900799,6,Hurtado,3,Low,0
36,0,Negative,0.01371568438,0,0,[],6,Hurtado,3,Low,0
36,0,Negative,0.03834826008,0,0.8041237113,[],6,Hurtado,3,Low,0
36,1,Positive,0.01211599666,0,0,[],6,Hurtado,3,Low,0
36,1,Positive,0.01690122687,0,0.07216494845,[],6,Hurtado,3,Low,0
36,0,Negative,0.01832945487,0,0.2164948454,[],6,Hurtado,3,Low,0
36,0,Negative,0.01988035192,0.7010309278,0.5463917526,[],6,Hurtado,3,Low,0
36,0,Negative,0.0108527345,0.587628866,0.8453608247,[],6,Hurtado,3,Low,0
36,0,Negative,0.01981441031,5.092783505,0.5257731959,[],6,Hurtado,3,Low,0
36,0,Negative,0.02043336808,0.7010309278,0.1340206186,2.065501777,6,Hurtado,3,Low,0
36,0,Negative,0.01593289582,1.422680412,0,[],6,Hurtado,3,Low,0
36,0,Negative,0.01024369453,3,0,[],6,Hurtado,3,Low,0
36,0,Negative,0.02459799079,0.6020408163,0.9897959184,[],6,Hurtado,3,Low,0